time,T,PAR_i,PET,PP
2019-01-01,9.850000000000001,1.28656,0.3,0.0
2019-01-02,9.350000000000001,1.4142700000000001,0.5,0.1
2019-01-03,8.95,0.8088299999999999,0.8,0.9
2019-01-04,8.35,0.9791099999999999,1.0,0.0
2019-01-05,9.55,0.5770599999999999,0.9,0.0
2019-01-06,10.65,0.44461999999999996,0.6,1.6
2019-01-07,11.1,0.60071,0.6,1.7
2019-01-08,10.149999999999999,0.7095,0.3,0.9
2019-01-09,9.600000000000001,0.69531,0.2,0.1
2019-01-10,9.4,1.25345,0.1,0.2
2019-01-11,9.05,0.9176199999999999,0.2,1.9
2019-01-12,9.65,0.6716599999999999,0.5,1.8
2019-01-13,9.85,0.5770599999999999,0.9,3.4
2019-01-14,7.95,0.8939699999999999,0.5,1.5
2019-01-15,9.0,1.0689799999999998,0.4,4.7
2019-01-16,7.1000000000000005,1.4473799999999999,0.9,7.1
2019-01-17,5.2,0.9507299999999999,0.7,14.6
2019-01-18,8.25,1.25345,0.5,9.1
2019-01-19,8.1,1.62712,0.3,7.3
2019-01-20,5.699999999999999,1.8541599999999998,0.4,1.9
2019-01-21,5.65,0.38786,0.8,7.9
2019-01-22,6.1,0.6574699999999999,0.8,6.7
2019-01-23,8.8,0.8939699999999999,0.6,5.4
2019-01-24,11.149999999999999,0.9318099999999999,0.7,1.0
2019-01-25,10.0,1.6933399999999998,0.5,1.9
2019-01-26,8.649999999999999,1.4379199999999999,1.0,10.0
2019-01-27,7.25,1.0169499999999998,1.1,6.9
2019-01-28,7.05,2.01971,0.9,4.5
2019-01-29,4.5,1.62239,0.8,5.9
2019-01-30,3.5,2.46906,0.5,3.8
2019-01-31,4.45,1.7075299999999998,0.7,21.5
2019-02-01,1.8499999999999999,3.2589699999999997,0.5,0.0
2019-02-02,3.0,2.3697299999999997,0.4,2.2
2019-02-03,6.75,1.0689799999999998,0.4,8.6
2019-02-04,8.0,3.1549099999999997,0.3,0.0
2019-02-05,9.4,1.0453299999999999,0.8,17.1
2019-02-06,6.75,2.0812,0.7,17.8
2019-02-07,8.149999999999999,1.19196,0.8,7.9
2019-02-08,8.8,1.92984,1.1,12.6
2019-02-09,7.050000000000001,1.9392999999999998,1.3,3.8
2019-02-10,6.25,2.68191,1.2,4.5
2019-02-11,7.7,2.26094,0.7,0.8
2019-02-12,10.7,0.5676,0.5,5.9
2019-02-13,10.75,1.03114,0.8,0.0
2019-02-14,11.600000000000001,2.6251499999999997,1.5,0.0
2019-02-15,10.5,0.7899099999999999,0.8,0.6
2019-02-16,9.45,1.0169499999999998,0.7,13.0
2019-02-17,8.9,3.1927499999999998,0.9,6.2
2019-02-18,7.9,3.2637,1.2,2.7
2019-02-19,8.45,0.61963,0.8,26.3
2019-02-20,11.7,2.0528199999999996,0.7,5.2
2019-02-21,12.25,0.6716599999999999,1.1,1.3
2019-02-22,12.899999999999999,1.28183,1.5,3.8
2019-02-23,11.55,3.22586,1.4,5.5
2019-02-24,11.7,1.50887,1.5,0.2
2019-02-25,13.3,4.00631,2.0,0.0
2019-02-26,11.75,4.16713,1.5,0.0
2019-02-27,10.2,4.701619999999999,1.1,0.0
2019-02-28,9.7,2.54001,0.7,3.8
2019-03-01,8.9,0.9365399999999999,0.4,8.8
2019-03-02,8.65,2.36027,1.1,12.9
2019-03-03,5.0,1.36224,0.8,20.0
2019-03-04,5.25,3.18329,1.1,4.7
2019-03-05,8.4,1.47576,0.9,15.4
2019-03-06,7.85,3.3583,0.8,9.5
2019-03-07,8.2,5.8652,1.5,4.6
2019-03-08,9.3,3.24478,0.9,7.3
2019-03-09,7.5,2.97517,1.1,9.8
2019-03-10,6.1,4.19551,1.6,2.9
2019-03-11,9.05,2.48798,1.3,18.0
2019-03-12,6.9,4.469849999999999,1.3,4.9
2019-03-13,8.149999999999999,3.6657499999999996,1.5,2.6
2019-03-14,10.75,0.9270799999999999,0.7,10.2
2019-03-15,9.45,1.6980699999999997,0.6,14.7
2019-03-16,7.5,2.9184099999999997,0.9,13.0
2019-03-17,7.15,6.24833,1.7,3.6
2019-03-18,9.15,4.76784,1.4,4.1
2019-03-19,9.3,3.10288,0.8,3.0
2019-03-20,10.3,2.8427299999999995,0.7,0.5
2019-03-21,10.850000000000001,4.02996,1.1,1.4
2019-03-22,8.5,3.7934599999999996,1.2,3.4
2019-03-23,6.4,4.29484,1.3,0.0
2019-03-24,5.85,4.1813199999999995,1.2,0.0
2019-03-25,7.9,5.54829,1.4,0.0
2019-03-26,6.7,6.7875499999999995,1.5,0.0
2019-03-27,6.6499999999999995,7.44975,1.6,0.0
2019-03-28,6.8500000000000005,8.90659,1.7,0.0
2019-03-29,10.3,5.38747,1.7,0.0
2019-03-30,9.45,3.0745,1.3,0.0
2019-03-31,9.6,7.322039999999999,2.1,0.0
2019-04-01,7.0,4.971229999999999,1.4,0.7
2019-04-02,5.5,6.007099999999999,1.7,8.2
2019-04-03,6.15,6.773359999999999,1.9,3.8
2019-04-04,4.3999999999999995,6.503749999999999,1.4,1.5
2019-04-05,4.9,6.15846,1.6,0.9
2019-04-06,10.15,6.09224,1.9,3.0
2019-04-07,8.049999999999999,4.375249999999999,1.6,0.7
2019-04-08,11.4,4.59756,2.1,0.3
2019-04-09,11.6,4.62121,1.7,1.8
2019-04-10,10.35,5.95034,1.7,0.0
2019-04-11,11.15,6.98621,2.3,0.0
2019-04-12,10.6,7.20379,2.3,0.0
2019-04-13,10.0,2.95625,1.7,10.8
2019-04-14,9.25,3.65629,1.5,2.0
2019-04-15,9.5,2.17107,1.3,24.7
2019-04-16,11.3,8.556569999999999,2.4,0.1
2019-04-17,13.45,5.26449,2.7,0.0
2019-04-18,16.4,10.36343,4.3,0.0
2019-04-19,14.0,8.693739999999998,2.8,0.0
2019-04-20,12.25,6.990939999999999,2.0,0.0
2019-04-21,10.85,3.62318,1.1,0.4
2019-04-22,13.700000000000001,10.33978,3.6,0.0
2019-04-23,14.549999999999999,4.9239299999999995,2.4,0.4
2019-04-24,12.0,7.01932,2.3,0.2
2019-04-25,12.1,9.48838,2.8,3.7
2019-04-26,8.95,4.46512,1.8,8.7
2019-04-27,8.600000000000001,9.015379999999999,2.3,3.0
2019-04-28,11.05,3.7650799999999998,1.3,2.7
2019-04-29,11.55,3.48601,1.5,18.3
2019-04-30,10.3,9.21877,2.3,0.9
2019-05-01,8.7,7.78558,2.1,0.4
2019-05-02,11.100000000000001,4.6070199999999994,1.6,5.8
2019-05-03,10.25,9.14782,2.5,0.0
2019-05-04,9.0,12.525039999999999,3.4,0.0
2019-05-05,7.45,11.035089999999999,2.7,0.0
2019-05-06,8.1,9.35121,2.6,0.0
2019-05-07,10.75,3.7698099999999997,2.0,3.3
2019-05-08,10.0,4.115099999999999,1.7,2.2
2019-05-09,8.05,12.36422,2.9,0.0
2019-05-10,7.300000000000001,13.40955,2.9,0.3
2019-05-11,9.45,11.19118,3.0,0.2
2019-05-12,10.35,13.244,3.8,0.0
2019-05-13,14.149999999999999,13.08791,4.7,0.0
2019-05-14,14.200000000000001,12.35949,4.7,0.0
2019-05-15,15.05,9.00592,3.9,0.0
2019-05-16,12.649999999999999,3.9448199999999995,1.9,0.1
2019-05-17,12.1,5.5814,1.9,0.3
2019-05-18,11.7,5.723299999999999,2.1,0.3
2019-05-19,10.0,11.943249999999999,3.0,0.0
2019-05-20,9.4,13.13994,3.3,0.0
2019-05-21,10.05,13.111559999999999,3.4,0.0
2019-05-22,12.5,7.9558599999999995,2.5,0.2
2019-05-23,12.55,4.17186,1.5,3.7
2019-05-24,13.25,7.690980000000001,2.2,1.1
2019-05-25,13.8,3.6704799999999995,1.4,6.2
2019-05-26,13.399999999999999,9.42216,2.5,4.6
2019-05-27,11.95,7.9180199999999985,2.3,4.3
2019-05-28,11.75,7.80923,2.4,6.9
2019-05-29,13.75,2.4122999999999997,1.0,5.2
2019-05-30,14.75,3.65156,1.4,2.4
2019-05-31,13.75,5.19354,1.6,1.5
2019-06-01,14.05,4.228619999999999,1.6,13.8
2019-06-02,12.95,7.865989999999999,2.0,1.1
2019-06-03,11.95,6.18211,2.2,3.0
2019-06-04,11.45,7.662599999999999,2.4,1.8
2019-06-05,10.8,12.26016,3.2,0.7
2019-06-06,9.75,11.50809,3.0,0.4
2019-06-07,11.5,10.64723,2.8,1.7
2019-06-08,11.95,12.38314,3.2,1.4
2019-06-09,10.600000000000001,10.458029999999999,2.8,4.3
2019-06-10,9.7,13.4332,3.3,0.0
2019-06-11,12.55,10.675609999999999,3.2,0.0
2019-06-12,12.95,6.09224,2.4,0.7
2019-06-13,11.05,4.67797,1.7,1.8
2019-06-14,10.600000000000001,9.23769,2.5,2.3
2019-06-15,9.95,11.04928,3.0,1.2
2019-06-16,12.95,10.552629999999999,2.9,1.0
2019-06-17,13.799999999999999,13.892009999999999,3.6,0.2
2019-06-18,11.95,10.287749999999999,2.9,0.0
2019-06-19,11.1,8.77888,2.4,0.1
2019-06-20,12.05,13.08791,3.4,1.5
2019-06-21,10.9,11.47498,3.0,0.0
2019-06-22,15.7,5.98818,3.0,0.0
2019-06-23,15.850000000000001,2.2704,1.7,9.2
2019-06-24,15.35,7.48286,2.5,0.0
2019-06-25,15.75,9.22823,3.0,10.4
2019-06-26,17.6,12.477739999999999,4.1,0.0
2019-06-27,22.85,9.01065,4.8,0.0
2019-06-28,18.65,8.31061,3.3,0.0
2019-06-29,16.450000000000003,5.13678,2.1,0.4
2019-06-30,14.9,6.10643,2.2,1.0
2019-07-01,14.45,10.27829,3.2,0.0
2019-07-02,14.2,8.03154,2.9,0.0
2019-07-03,14.55,11.56485,3.7,0.0
2019-07-04,13.45,14.057559999999999,4.0,0.0
2019-07-05,14.25,14.2373,3.9,0.0
2019-07-06,15.3,5.458419999999999,2.0,0.0
2019-07-07,17.1,9.521489999999998,3.2,0.0
2019-07-08,16.299999999999997,10.9263,3.4,0.0
2019-07-09,15.75,10.155309999999998,3.2,0.0
2019-07-10,16.6,2.35554,1.1,11.8
2019-07-11,16.2,8.70793,2.6,2.8
2019-07-12,16.15,10.06544,3.2,0.1
2019-07-13,16.15,11.90068,3.7,0.0
2019-07-14,15.45,14.0008,4.0,0.0
2019-07-15,16.25,7.378799999999999,2.7,0.0
2019-07-16,15.8,10.14112,3.1,0.0
2019-07-17,16.75,5.9219599999999994,2.3,4.2
2019-07-18,16.049999999999997,5.723299999999999,2.3,4.8
2019-07-19,16.85,4.29011,1.8,6.2
2019-07-20,16.6,6.75444,2.7,0.3
2019-07-21,16.75,1.93457,1.0,11.5
2019-07-22,18.5,3.7508899999999996,1.6,0.0
2019-07-23,17.7,3.58061,1.5,5.7
2019-07-24,17.1,3.7981899999999995,1.6,8.8
2019-07-25,18.200000000000003,6.46591,2.2,22.8
2019-07-26,15.15,5.964529999999999,1.9,2.9
2019-07-27,13.95,11.81554,3.3,0.4
2019-07-28,14.85,6.48956,2.5,0.0
2019-07-29,15.75,6.75444,2.5,0.3
2019-07-30,15.850000000000001,8.81199,3.0,0.0
2019-07-31,15.05,12.350029999999999,3.4,1.1
2019-08-01,13.850000000000001,8.95862,2.7,0.0
2019-08-02,15.2,5.28341,2.1,1.6
2019-08-03,17.15,5.288139999999999,2.2,3.9
2019-08-04,15.7,4.36106,1.7,18.8
2019-08-05,16.1,6.551049999999999,2.3,8.2
2019-08-06,16.0,6.773359999999999,2.1,1.4
2019-08-07,15.149999999999999,12.208129999999999,3.2,0.4
2019-08-08,15.5,6.72606,2.3,13.0
2019-08-09,17.95,4.73473,1.9,10.2
2019-08-10,15.350000000000001,3.23059,1.4,29.0
2019-08-11,13.399999999999999,7.12338,2.2,1.0
2019-08-12,13.450000000000001,10.85535,3.0,5.0
2019-08-13,14.350000000000001,4.001580000000001,1.4,7.6
2019-08-14,16.65,4.545529999999999,1.6,2.0
2019-08-15,16.75,5.71857,2.1,2.8
2019-08-16,16.75,6.711869999999999,2.1,27.8
2019-08-17,15.25,9.166739999999999,2.9,0.4
2019-08-18,15.05,6.17738,2.2,5.2
2019-08-19,14.549999999999999,8.939699999999998,2.7,2.1
2019-08-20,15.3,5.3922,2.1,2.2
2019-08-21,15.4,1.4379199999999999,1.0,3.4
2019-08-22,17.35,2.76232,1.3,0.0
2019-08-23,16.55,6.10643,2.2,0.0
2019-08-24,15.85,3.27316,1.4,6.6
2019-08-25,14.9,6.73552,2.2,0.0
2019-08-26,13.15,3.2163999999999997,1.2,3.2
2019-08-27,14.649999999999999,2.1568799999999997,1.1,20.4
2019-08-28,14.600000000000001,6.63146,2.2,0.4
2019-08-29,16.25,4.394169999999999,2.0,0.1
2019-08-30,16.65,1.85889,1.1,25.8
2019-08-31,14.35,9.091059999999999,2.2,1.4
2019-09-01,14.3,5.373279999999999,2.0,1.6
2019-09-02,14.549999999999999,3.9873899999999995,1.5,1.8
2019-09-03,15.25,2.42176,1.3,6.6
2019-09-04,13.8,7.24636,2.3,5.5
2019-09-05,14.149999999999999,5.3922,2.0,0.0
2019-09-06,14.75,6.759169999999999,1.9,5.2
2019-09-07,12.7,8.91132,2.3,0.0
2019-09-08,12.7,3.58534,1.1,7.2
2019-09-09,13.4,7.307849999999999,2.2,3.2
2019-09-10,12.3,2.3933799999999996,0.8,3.8
2019-09-11,15.8,6.26725,1.8,3.6
2019-09-12,13.100000000000001,4.654319999999999,1.1,0.6
2019-09-13,11.649999999999999,8.135599999999998,1.9,0.0
2019-09-14,12.5,5.55302,1.5,0.0
2019-09-15,15.600000000000001,2.53055,0.9,1.2
2019-09-16,16.15,5.25503,1.7,2.0
2019-09-17,13.95,6.41861,1.7,0.0
2019-09-18,12.95,8.145059999999999,1.9,0.1
2019-09-19,14.3,8.02208,2.2,0.0
2019-09-20,16.9,8.04573,3.4,0.0
2019-09-21,16.5,1.2061499999999998,1.5,21.5
2019-09-22,14.55,6.65511,1.6,0.3
2019-09-23,16.1,2.47852,1.2,13.3
2019-09-24,15.100000000000001,1.87781,0.8,7.8
2019-09-25,14.75,1.52306,0.8,6.6
2019-09-26,14.25,3.5947999999999998,1.5,5.6
2019-09-27,13.6,5.28341,1.4,12.0
2019-09-28,13.45,1.62712,0.9,26.0
2019-09-29,12.45,5.4111199999999995,1.3,0.6
2019-09-30,12.95,2.15215,0.8,40.8
2019-10-01,12.2,4.35633,1.2,2.0
2019-10-02,9.5,5.34963,1.4,0.0
2019-10-03,14.1,2.16161,1.4,10.1
2019-10-04,14.85,4.9665,1.5,0.9
2019-10-05,14.3,3.2353199999999998,0.9,13.5
2019-10-06,12.7,2.91368,1.1,17.2
2019-10-07,14.399999999999999,4.469849999999999,1.3,3.6
2019-10-08,11.95,4.701619999999999,1.6,3.0
2019-10-09,11.55,3.90225,1.4,6.0
2019-10-10,13.6,2.5069,1.2,7.6
2019-10-11,12.3,2.97044,1.1,1.0
2019-10-12,12.25,4.36579,1.2,2.6
2019-10-13,11.25,4.507689999999999,1.1,10.6
2019-10-14,11.85,2.41703,1.0,37.2
2019-10-15,10.0,1.50887,0.5,6.8
2019-10-16,11.600000000000001,4.24281,1.4,6.0
2019-10-17,10.3,1.73118,0.9,20.4
2019-10-18,11.2,3.36776,1.1,8.8
2019-10-19,10.25,2.35554,0.9,4.6
2019-10-20,11.25,3.9400899999999996,1.6,0.1
2019-10-21,8.05,4.84825,0.9,0.0
2019-10-22,9.7,1.51833,0.8,0.8
2019-10-23,11.75,1.11628,0.6,19.6
2019-10-24,9.2,3.1927499999999998,0.6,1.6
2019-10-25,7.550000000000001,0.9696499999999999,0.5,5.4
2019-10-26,7.300000000000001,3.5569599999999997,0.8,2.6
2019-10-27,7.25,2.80489,0.7,0.0
2019-10-28,7.8,2.5069,1.1,0.0
2019-10-29,8.7,2.16161,1.2,0.0
2019-10-30,12.35,1.8446999999999998,1.2,2.4
2019-10-31,13.25,1.05006,0.7,8.0
2019-11-01,11.85,0.73788,0.7,18.8
2019-11-02,10.8,1.4426499999999998,0.8,10.4
2019-11-03,9.55,1.33859,0.6,11.4
2019-11-04,9.0,1.3054799999999998,0.8,2.2
2019-11-05,9.75,1.8541599999999998,0.8,0.2
2019-11-06,8.7,1.68861,0.9,8.8
2019-11-07,8.600000000000001,2.3224299999999998,1.1,3.2
2019-11-08,7.6000000000000005,2.65826,0.4,4.4
2019-11-09,8.4,2.3082399999999996,0.7,4.0
2019-11-10,7.7,1.00276,0.5,10.2
2019-11-11,7.550000000000001,1.6555,1.3,6.8
2019-11-12,7.800000000000001,2.25621,1.1,1.6
2019-11-13,6.949999999999999,1.4237299999999997,1.0,14.2
2019-11-14,7.199999999999999,2.0575499999999995,1.2,0.6
2019-11-15,6.050000000000001,2.6487999999999996,0.8,0.2
2019-11-16,5.0,1.2156099999999999,0.4,0.2
2019-11-17,5.9,1.419,0.7,4.4
2019-11-18,5.1,0.90816,0.6,1.6
2019-11-19,7.85,2.10958,0.4,17.0
2019-11-20,8.45,1.39062,0.6,9.6
2019-11-21,8.25,1.7359099999999998,0.5,0.0
2019-11-22,7.3,1.81159,0.3,0.2
2019-11-23,6.1,0.96492,0.4,0.0
2019-11-24,7.1,0.50611,0.4,8.6
2019-11-25,10.5,1.09736,0.3,4.8
2019-11-26,9.5,0.32164,0.5,24.2
2019-11-27,9.2,0.87505,0.3,0.1
2019-11-28,7.8,0.90343,0.2,3.4
2019-11-29,8.55,1.50414,0.3,0.2
2019-11-30,9.600000000000001,0.64328,1.0,0.4
2019-12-01,4.5,1.86835,0.2,0.0
2019-12-02,3.9,1.93457,0.1,0.0
2019-12-03,9.25,0.62909,1.0,0.2
2019-12-04,8.95,1.72172,0.3,9.2
2019-12-05,9.65,0.34056,0.5,5.0
2019-12-06,9.95,1.38116,0.2,7.4
2019-12-07,10.55,0.61017,0.3,10.0
2019-12-08,8.15,1.10209,1.0,10.2
2019-12-09,9.95,1.47576,1.0,3.0
2019-12-10,9.65,0.45880999999999994,0.8,19.8
2019-12-11,6.4,1.1635799999999998,0.6,10.0
2019-12-12,8.1,0.5439499999999999,0.9,12.0
2019-12-13,6.65,0.48719,1.0,8.2
2019-12-14,5.8999999999999995,0.7189599999999999,1.5,3.8
2019-12-15,5.85,0.95546,1.0,6.0
2019-12-16,4.4,1.7359099999999998,0.0,1.4
2019-12-17,4.9,1.1872299999999998,0.2,5.8
2019-12-18,9.95,0.20339,1.2,34.8
2019-12-19,6.85,1.06425,0.2,3.2
2019-12-20,5.85,0.9838399999999999,0.2,8.0
2019-12-21,6.15,1.25345,0.1,0.6
2019-12-22,8.95,1.1541199999999998,0.7,4.3
2019-12-23,9.0,0.73788,0.8,2.2
2019-12-24,8.1,1.08317,0.5,6.5
2019-12-25,7.15,0.56287,0.7,2.3
2019-12-26,10.55,0.35002,0.6,24.5
2019-12-27,11.4,0.16554999999999997,0.6,0.6
2019-12-28,11.05,0.83721,0.8,0.4
2019-12-29,12.2,1.0406,0.9,0.0
2019-12-30,11.149999999999999,0.30272,0.6,0.4
2019-12-31,9.7,0.43989,0.5,0.0
2020-01-01,9.8,1.25345,0.6,0.0
2020-01-02,9.8,0.49191999999999997,0.6,7.6
2020-01-03,7.85,1.71226,0.6,0.6
2020-01-04,8.65,0.9885699999999998,0.5,2.1
2020-01-05,9.95,0.39258999999999994,0.6,2.1
2020-01-06,9.25,1.6081999999999999,0.5,13.7
2020-01-07,11.15,0.36894,0.9,4.4
2020-01-08,7.0,0.83248,0.5,13.7
2020-01-09,5.7,1.26291,0.5,0.7
2020-01-10,8.25,0.5392199999999999,0.8,1.2
2020-01-11,10.15,0.38786,0.9,11.5
2020-01-12,7.5,1.49941,0.6,4.3
2020-01-13,7.4,1.1966899999999998,1.1,18.2
2020-01-14,6.25,0.9933,0.9,6.5
2020-01-15,7.55,1.5892799999999998,0.8,6.6
2020-01-16,8.65,1.37643,0.9,8.0
2020-01-17,4.6000000000000005,1.2250699999999999,0.5,7.5
2020-01-18,4.8,2.3508099999999996,0.3,0.0
2020-01-19,5.05,2.27513,0.3,0.0
2020-01-20,8.35,1.19196,0.8,0.0
2020-01-21,8.2,1.14939,0.4,0.0
2020-01-22,10.1,2.3508099999999996,0.2,0.0
2020-01-23,6.15,0.72842,0.3,0.0
2020-01-24,7.0,1.17777,0.3,1.6
2020-01-25,8.649999999999999,0.70477,0.6,7.6
2020-01-26,6.949999999999999,2.04336,0.6,9.0
2020-01-27,5.4,1.23926,1.1,4.0
2020-01-28,4.95,1.98187,1.0,6.8
2020-01-29,8.3,0.97438,0.8,1.0
2020-01-30,10.05,1.3007499999999999,0.4,1.6
2020-01-31,10.55,0.86086,0.9,6.0
2020-02-01,8.100000000000001,1.22034,1.1,5.0
2020-02-02,9.35,1.38116,0.6,0.2
2020-02-03,7.6,2.10485,1.1,2.0
2020-02-04,6.8,2.77178,0.7,0.6
2020-02-05,6.199999999999999,1.53725,0.6,0.0
2020-02-06,8.85,1.53252,1.3,0.0
2020-02-07,7.550000000000001,0.7236899999999999,0.7,9.4
2020-02-08,8.75,0.5344899999999999,1.0,22.4
2020-02-09,8.75,1.92511,0.6,17.6
2020-02-10,5.65,1.92984,1.3,8.1
2020-02-11,5.05,2.44541,1.3,3.3
2020-02-12,6.1,1.4284599999999998,0.7,23.2
2020-02-13,8.1,2.37919,1.0,1.7
2020-02-14,9.600000000000001,2.3744599999999996,1.0,4.6
2020-02-15,8.95,0.946,0.5,23.4
2020-02-16,6.050000000000001,2.00552,1.5,7.8
2020-02-17,6.550000000000001,2.8427299999999995,1.1,5.0
2020-02-18,7.0,1.8305099999999999,1.1,7.8
2020-02-19,8.850000000000001,0.69058,0.8,13.7
2020-02-20,7.5,3.9921199999999994,0.9,7.1
2020-02-21,9.95,0.47773,1.1,11.3
2020-02-22,9.75,1.17777,1.1,11.3
2020-02-23,9.05,2.01025,0.6,6.9
2020-02-24,8.55,3.1691,0.8,11.0
2020-02-25,5.25,2.8663799999999995,1.5,5.8
2020-02-26,5.6,3.05558,1.3,2.6
2020-02-27,5.75,4.99015,0.9,1.4
2020-02-28,8.8,1.8825399999999999,0.9,19.6
2020-02-29,4.95,1.82105,1.6,4.8
2020-03-01,5.5,4.24754,1.3,2.9
2020-03-02,5.25,3.96374,1.3,4.8
2020-03-03,5.95,4.36106,1.1,4.5
2020-03-04,6.1,3.7461599999999997,1.0,2.6
2020-03-05,4.6000000000000005,4.53134,0.8,3.4
2020-03-06,8.0,4.9002799999999995,1.3,1.0
2020-03-07,10.15,0.9223499999999999,0.9,7.9
2020-03-08,8.05,4.862439999999999,1.7,2.0
2020-03-09,9.3,0.44934999999999997,0.8,11.6
2020-03-10,9.5,2.25148,0.8,1.3
2020-03-11,7.45,3.59007,1.6,5.6
2020-03-12,5.9,3.9921199999999994,1.4,3.4
2020-03-13,8.65,3.3914099999999996,1.3,6.8
2020-03-14,8.9,1.2771000000000001,0.9,5.1
2020-03-15,6.199999999999999,6.12062,1.3,4.6
2020-03-16,6.05,1.23926,0.5,6.5
2020-03-17,9.95,1.36224,0.8,5.7
2020-03-18,5.7,2.5778499999999998,0.9,0.6
2020-03-19,6.55,5.8131699999999995,1.7,0.0
2020-03-20,5.800000000000001,4.84825,1.7,0.0
2020-03-21,6.45,0.48719,0.8,14.3
2020-03-22,9.100000000000001,6.32874,1.7,0.9
2020-03-23,9.0,4.17186,1.6,0.0
2020-03-24,9.2,1.5608999999999997,0.9,10.8
2020-03-25,10.95,4.27119,1.4,9.4
2020-03-26,9.7,7.27474,1.6,0.0
2020-03-27,8.7,8.66063,2.1,0.1
2020-03-28,9.8,8.480889999999999,2.7,0.0
2020-03-29,6.25,8.57076,2.3,0.0
2020-03-30,6.199999999999999,6.17265,2.0,0.0
2020-03-31,8.05,7.03351,2.0,0.0
2020-04-01,8.149999999999999,6.31455,1.8,0.0
2020-04-02,9.35,7.2983899999999995,1.9,0.0
2020-04-03,8.3,4.71581,1.3,0.6
2020-04-04,9.85,4.829330000000001,1.8,1.1
2020-04-05,10.7,1.37643,1.0,12.2
2020-04-06,9.1,8.88767,2.2,0.6
2020-04-07,8.95,9.251879999999998,2.0,0.0
2020-04-08,9.15,9.89516,2.2,0.0
2020-04-09,11.15,6.83958,2.1,0.0
2020-04-10,12.850000000000001,3.01301,1.3,0.2
2020-04-11,10.4,8.03154,1.8,0.1
2020-04-12,8.75,4.17659,1.1,9.9
2020-04-13,10.9,10.212069999999999,2.7,0.0
2020-04-14,8.05,10.75602,2.4,0.0
2020-04-15,8.5,11.00198,2.6,0.0
2020-04-16,11.9,7.8707199999999995,2.7,0.0
2020-04-17,13.899999999999999,4.29011,1.9,14.2
2020-04-18,12.85,5.4726099999999995,1.8,0.2
2020-04-19,13.05,5.95034,2.1,0.1
2020-04-20,12.15,8.93497,2.9,0.0
2020-04-21,8.9,7.695709999999999,2.1,0.0
2020-04-22,14.1,9.02484,2.9,0.0
2020-04-23,11.649999999999999,7.82342,2.2,0.0
2020-04-24,10.9,10.22153,2.6,0.0
2020-04-25,11.9,8.35791,2.3,0.0
2020-04-26,10.85,1.31967,1.0,0.0
2020-04-27,10.7,10.96887,3.0,0.0
2020-04-28,8.95,11.10604,2.6,0.0
2020-04-29,8.05,5.14624,1.7,20.5
2020-04-30,7.0,9.1762,2.1,0.4
2020-05-01,9.0,10.34451,2.5,1.1
2020-05-02,8.3,7.832879999999999,2.2,0.8
2020-05-03,11.85,5.08475,1.9,0.0
2020-05-04,12.6,10.33978,3.4,0.0
2020-05-05,12.35,7.095,2.7,0.0
2020-05-06,13.3,4.375249999999999,1.8,1.8
2020-05-07,12.899999999999999,7.270009999999999,2.0,8.1
2020-05-08,13.149999999999999,11.93379,3.2,0.0
2020-05-09,14.3,12.72843,3.7,0.0
2020-05-10,11.8,9.98503,3.0,0.0
2020-05-11,8.4,13.65551,3.6,0.0
2020-05-12,7.8999999999999995,13.447389999999999,3.2,0.0
2020-05-13,8.85,12.37841,3.1,0.0
2020-05-14,7.95,13.75011,3.4,0.0
2020-05-15,9.05,13.64605,3.3,0.0
2020-05-16,9.8,4.94758,1.7,0.3
2020-05-17,12.7,4.257,1.7,4.5
2020-05-18,12.8,3.42452,1.2,3.6
2020-05-19,13.4,5.86993,1.8,1.4
2020-05-20,13.3,8.21601,2.8,1.2
2020-05-21,12.65,5.86993,2.2,18.9
2020-05-22,12.2,8.674819999999999,2.8,1.4
2020-05-23,11.6,9.32283,2.5,2.6
2020-05-24,12.85,13.083179999999999,3.3,0.0
2020-05-25,12.25,3.4528999999999996,1.2,6.7
2020-05-26,13.5,11.016169999999999,3.1,0.2
2020-05-27,13.350000000000001,13.72646,3.8,0.0
2020-05-28,17.1,13.36698,5.0,0.0
2020-05-29,18.65,10.595199999999998,5.2,0.0
2020-05-30,17.549999999999997,7.44029,3.2,0.0
2020-05-31,19.75,11.41822,4.9,0.0
2020-06-01,16.0,13.035879999999999,4.2,0.0
2020-06-02,15.6,13.792679999999999,4.3,0.0
2020-06-03,13.85,9.308639999999999,3.2,0.0
2020-06-04,12.3,3.2778899999999997,1.7,1.7
2020-06-05,11.5,10.945219999999999,3.0,1.8
2020-06-06,9.55,2.72448,1.4,3.6
2020-06-07,11.6,5.53883,2.0,0.0
2020-06-08,11.75,9.28026,2.8,0.0
2020-06-09,11.75,4.69689,1.7,0.9
2020-06-10,11.75,5.9597999999999995,1.8,1.9
2020-06-11,13.85,5.74222,2.7,0.3
2020-06-12,14.25,3.5947999999999998,2.0,0.3
2020-06-13,15.45,6.551049999999999,2.4,0.9
2020-06-14,15.200000000000001,5.50099,2.1,15.0
2020-06-15,14.25,9.12417,2.8,0.7
2020-06-16,13.65,5.90304,2.1,0.1
2020-06-17,13.3,6.24833,2.2,0.0
2020-06-18,12.1,9.90935,2.8,0.0
2020-06-19,12.6,7.08081,2.3,0.0
2020-06-20,13.45,3.25424,1.4,39.8
2020-06-21,14.1,10.306669999999999,3.2,2.8
2020-06-22,13.600000000000001,2.3744599999999996,0.9,23.8
2020-06-23,13.25,2.3460799999999997,1.0,16.7
2020-06-24,13.9,11.649989999999999,3.3,0.4
2020-06-25,16.25,11.07293,3.6,0.0
2020-06-26,14.100000000000001,4.70635,1.8,4.2
2020-06-27,13.3,6.262519999999999,1.9,8.9
2020-06-28,13.3,7.33623,2.5,1.4
2020-06-29,13.3,5.11313,2.4,0.0
2020-06-30,13.7,5.46788,1.8,2.2
2020-07-01,12.7,5.529369999999999,1.7,1.6
2020-07-02,13.7,9.46946,2.8,0.0
2020-07-03,14.6,1.9866,1.1,11.5
2020-07-04,14.65,3.4765499999999996,1.3,4.4
2020-07-05,13.5,9.389050000000001,2.9,0.8
2020-07-06,13.95,12.79938,3.5,0.5
2020-07-07,13.8,2.0338999999999996,1.1,7.8
2020-07-08,14.8,1.9014599999999997,0.8,18.0
2020-07-09,14.4,10.80805,3.2,0.4
2020-07-10,13.0,13.01223,3.6,0.0
2020-07-11,11.4,12.26016,3.3,0.0
2020-07-12,14.25,3.59007,1.5,3.9
2020-07-13,14.75,5.491529999999999,1.9,19.5
2020-07-14,13.6,4.20497,1.7,0.7
2020-07-15,14.55,3.5333099999999997,1.3,0.9
2020-07-16,16.2,10.9263,3.1,1.0
2020-07-17,15.95,2.49744,1.1,3.0
2020-07-18,14.05,12.283809999999999,3.2,12.7
2020-07-19,14.0,11.82973,3.6,0.0
2020-07-20,12.6,12.30273,3.4,0.0
2020-07-21,12.8,9.91408,2.8,0.0
2020-07-22,16.3,7.11865,2.3,8.1
2020-07-23,15.049999999999999,7.416639999999999,2.2,0.3
2020-07-24,15.25,1.81159,0.9,7.2
2020-07-25,15.350000000000001,8.35318,2.5,1.1
2020-07-26,14.85,3.75562,1.4,10.2
2020-07-27,14.8,10.43911,2.7,12.2
2020-07-28,14.4,10.713449999999998,3.2,0.1
2020-07-29,14.1,2.6204199999999997,1.2,54.5
2020-07-30,17.2,7.19433,2.4,16.8
2020-07-31,16.3,6.30509,2.1,16.8
2020-08-01,14.95,6.007099999999999,2.2,2.5
2020-08-02,14.6,9.384319999999999,2.8,0.1
2020-08-03,15.05,9.384319999999999,2.9,0.1
2020-08-04,16.9,2.77178,1.4,7.6
2020-08-05,15.399999999999999,5.30233,1.6,19.4
2020-08-06,16.0,4.346869999999999,1.7,2.0
2020-08-07,14.45,11.19118,2.7,0.7
2020-08-08,13.850000000000001,11.97163,3.2,0.0
2020-08-09,14.75,11.24794,3.2,0.0
2020-08-10,16.85,6.394959999999999,2.3,0.0
2020-08-11,16.05,11.60269,3.3,0.0
2020-08-12,16.05,10.283019999999999,3.0,0.0
2020-08-13,17.4,2.37919,1.2,25.6
2020-08-14,18.45,3.07923,1.4,1.9
2020-08-15,17.450000000000003,2.3035099999999997,1.1,32.6
2020-08-16,18.05,4.45566,1.7,1.8
2020-08-17,16.6,5.00434,1.7,1.1
2020-08-18,17.15,6.5557799999999995,2.3,0.2
2020-08-19,17.05,5.63343,2.1,34.4
2020-08-20,16.25,5.88885,2.2,12.3
2020-08-21,15.600000000000001,6.50848,2.0,8.1
2020-08-22,15.100000000000001,3.4481699999999997,1.5,1.4
2020-08-23,15.0,5.9219599999999994,1.9,1.9
2020-08-24,15.7,3.9826599999999996,1.4,52.0
2020-08-25,15.9,6.1017,1.5,3.5
2020-08-26,16.0,7.00986,2.3,1.3
2020-08-27,15.649999999999999,6.797009999999999,2.2,1.2
2020-08-28,15.15,7.307849999999999,2.7,0.5
2020-08-29,13.25,7.714629999999999,2.6,0.1
2020-08-30,12.399999999999999,8.788339999999998,2.5,0.0
2020-08-31,14.700000000000001,4.03942,1.9,7.4
2020-09-01,15.5,6.60781,2.0,2.0
2020-09-02,16.25,1.34805,0.8,8.0
2020-09-03,14.95,7.0004,2.1,0.2
2020-09-04,14.45,6.34293,2.2,0.1
2020-09-05,14.200000000000001,6.93418,2.1,1.8
2020-09-06,15.3,3.30154,1.2,0.4
2020-09-07,15.65,2.1332299999999997,1.2,2.0
2020-09-08,16.3,1.5136,0.7,7.2
2020-09-09,13.850000000000001,7.345689999999999,1.8,0.1
2020-09-10,13.55,3.5758799999999997,1.6,0.0
2020-09-11,14.3,2.48325,1.3,1.2
2020-09-12,14.75,4.51242,1.7,0.0
2020-09-13,16.05,3.40087,1.5,0.6
2020-09-14,18.700000000000003,3.7083199999999996,2.0,0.5
2020-09-15,18.55,2.85219,1.3,1.0
2020-09-16,17.6,3.5333099999999997,1.3,0.0
2020-09-17,17.45,7.4450199999999995,2.2,0.0
2020-09-18,16.05,7.80923,2.6,0.0
2020-09-19,14.45,7.15649,2.0,0.0
2020-09-20,13.05,7.27474,1.8,0.0
2020-09-21,12.05,2.54001,1.0,0.0
2020-09-22,14.35,2.23256,1.4,6.4
2020-09-23,11.75,6.5274,1.9,6.5
2020-09-24,10.7,4.5881,2.0,12.2
2020-09-25,10.95,6.56997,2.1,2.8
2020-09-26,9.45,7.19433,1.6,0.0
2020-09-27,9.8,2.59204,0.8,0.6
2020-09-28,11.25,5.71857,1.1,6.0
2020-09-29,11.85,3.1974799999999997,1.0,29.5
2020-09-30,10.25,4.48877,1.0,5.4
2020-10-01,8.85,3.5333099999999997,1.1,12.3
2020-10-02,10.399999999999999,4.3043,1.7,2.9
2020-10-03,11.3,4.95231,1.4,9.5
2020-10-04,11.35,2.97517,1.6,2.1
2020-10-05,12.9,2.49744,1.4,2.2
2020-10-06,12.8,3.22586,1.4,1.6
2020-10-07,13.15,1.5703599999999998,0.7,16.4
2020-10-08,11.9,5.42531,1.4,0.1
2020-10-09,11.75,3.48601,1.4,1.6
2020-10-10,11.2,1.7075299999999998,1.4,0.0
2020-10-11,11.2,3.07923,0.9,1.6
2020-10-12,11.55,3.90225,0.9,2.3
2020-10-13,11.55,3.28735,1.4,0.9
2020-10-14,9.8,4.23335,1.0,0.0
2020-10-15,9.5,4.507689999999999,1.0,0.0
2020-10-16,10.899999999999999,4.375249999999999,1.6,0.0
2020-10-17,11.3,2.37919,1.5,0.1
2020-10-18,13.75,1.72172,1.2,1.3
2020-10-19,13.9,0.45880999999999994,0.8,49.1
2020-10-20,12.95,1.7264499999999998,0.9,14.8
2020-10-21,10.649999999999999,2.0386299999999995,0.9,1.7
2020-10-22,8.95,3.05085,0.9,2.9
2020-10-23,10.8,3.59007,1.0,7.0
2020-10-24,10.6,3.2163999999999997,0.9,8.5
2020-10-25,10.100000000000001,3.1501799999999998,1.3,7.4
2020-10-26,10.600000000000001,2.72448,1.3,6.8
2020-10-27,10.3,2.9420599999999997,0.9,14.9
2020-10-28,9.3,2.44068,0.9,10.4
2020-10-29,13.0,0.35475,0.7,22.7
2020-10-30,11.85,3.09815,0.8,5.8
2020-10-31,11.600000000000001,2.10958,1.1,21.2
2020-11-01,11.4,0.48246,0.8,19.5
2020-11-02,8.95,2.17107,1.5,3.7
2020-11-03,8.65,2.25621,1.3,3.5
2020-11-04,7.4,2.1379599999999996,0.5,0.0
2020-11-05,6.4,3.1407199999999995,0.4,0.1
2020-11-06,7.8999999999999995,1.73118,0.6,0.0
2020-11-07,12.15,0.7568,0.6,1.8
2020-11-08,13.65,1.01222,0.7,4.9
2020-11-09,11.9,2.0953899999999996,0.4,6.2
2020-11-10,10.9,0.9318099999999999,0.5,16.8
2020-11-11,10.95,0.64328,0.6,28.0
2020-11-12,10.45,0.64328,1.0,10.9
2020-11-13,9.6,1.63185,0.8,7.9
2020-11-14,11.100000000000001,0.57233,0.7,23.6
2020-11-15,9.25,1.9724099999999998,1.0,4.8
2020-11-16,11.2,0.34056,0.9,14.1
2020-11-17,13.1,0.46826999999999996,0.4,6.1
2020-11-18,11.0,1.9913299999999998,0.9,9.9
2020-11-19,9.600000000000001,0.76626,1.0,4.4
2020-11-20,11.45,0.86086,0.5,14.1
2020-11-21,9.8,1.9156499999999999,0.3,3.0
2020-11-22,7.300000000000001,2.3933799999999996,0.2,0.4
2020-11-23,9.75,0.43989,0.7,3.2
2020-11-24,9.3,0.43516,0.7,11.4
2020-11-25,7.800000000000001,1.81159,0.4,2.4
2020-11-26,7.4,1.9866,0.1,0.0
2020-11-27,7.6000000000000005,1.4331899999999997,0.7,0.0
2020-11-28,8.9,0.83721,0.6,0.0
2020-11-29,9.25,1.78321,0.0,0.0
2020-11-30,9.45,0.7095,0.3,0.5
2020-12-01,10.6,1.3527799999999999,0.1,0.2
2020-12-02,8.4,0.83248,0.7,6.4
2020-12-03,5.15,1.0169499999999998,0.6,13.9
2020-12-04,6.1499999999999995,0.59598,1.2,13.0
2020-12-05,7.7,0.5817899999999999,1.2,7.6
2020-12-06,5.45,1.6980699999999997,0.2,1.1
2020-12-07,2.6999999999999997,1.03114,0.2,4.0
2020-12-08,4.25,1.0784399999999998,0.4,2.6
2020-12-09,7.5,0.17501,0.4,27.1
2020-12-10,9.45,0.42569999999999997,0.4,9.0
2020-12-11,8.45,1.0453299999999999,0.7,6.0
2020-12-12,8.75,1.13047,1.0,8.7
2020-12-13,10.7,0.7095,0.5,22.2
2020-12-14,8.45,1.09736,0.6,6.2
2020-12-15,8.6,1.2156099999999999,0.6,9.8
2020-12-16,9.0,1.10682,0.5,12.9
2020-12-17,9.65,0.31691,0.5,13.0
2020-12-18,10.2,1.0689799999999998,0.6,5.6
2020-12-19,8.3,0.77099,0.8,8.7
2020-12-20,7.6000000000000005,1.0453299999999999,0.6,6.1
2020-12-21,8.7,0.40678,0.4,5.3
2020-12-22,5.45,0.39731999999999995,0.7,8.3
2020-12-23,6.550000000000001,1.02168,1.0,3.8
2020-12-24,5.7,1.00749,0.7,1.2
2020-12-25,5.45,0.75207,0.3,1.2
2020-12-26,9.2,0.36421,0.7,10.9
2020-12-27,6.2,0.6716599999999999,1.0,6.9
2020-12-28,7.1,1.10209,1.1,12.1
2020-12-29,5.75,1.68861,1.0,4.1
2020-12-30,5.6,1.75483,0.1,3.8
2020-12-31,4.7,1.50887,0.6,2.5
2021-01-01,5.2,1.33859,0.5,0.2
2021-01-02,3.3499999999999996,0.60544,0.4,2.0
2021-01-03,2.95,2.01025,0.3,0.0
2021-01-04,2.9,1.68388,0.4,0.0
2021-01-05,2.9000000000000004,1.9676799999999999,0.3,0.0
2021-01-06,2.5500000000000003,1.82105,0.2,0.0
2021-01-07,3.5999999999999996,1.77375,0.1,1.3
2021-01-08,3.5999999999999996,1.76429,0.4,0.0
2021-01-09,3.0,2.10012,0.2,0.0
2021-01-10,4.8,1.10209,0.3,1.1
2021-01-11,8.8,0.37367,0.6,1.6
2021-01-12,10.3,0.6527399999999999,0.3,3.7
2021-01-13,10.05,0.24595999999999998,0.3,5.1
2021-01-14,6.699999999999999,1.85889,0.1,0.4
2021-01-15,7.9,0.5770599999999999,0.4,21.4
2021-01-16,8.7,1.4710299999999998,0.8,0.0
2021-01-17,6.5,1.28183,0.4,0.3
2021-01-18,9.25,0.61017,0.6,14.3
2021-01-19,10.6,0.45408,0.3,13.4
2021-01-20,7.45,1.59401,0.4,2.7
2021-01-21,4.8500000000000005,2.35554,0.5,1.3
2021-01-22,4.1,2.0764699999999996,0.4,3.4
2021-01-23,2.2,1.4426499999999998,0.4,8.5
2021-01-24,2.2,1.66969,0.5,4.6
2021-01-25,2.7,1.23453,0.4,6.0
2021-01-26,8.8,0.5344899999999999,0.4,15.8
2021-01-27,11.2,0.54868,0.4,7.1
2021-01-28,10.5,0.8466699999999999,0.6,2.2
2021-01-29,10.100000000000001,2.0812,1.0,12.3
2021-01-30,7.8,1.892,0.5,5.2
2021-01-31,8.8,0.82775,0.5,18.9
2021-02-01,9.7,1.0358699999999998,0.5,10.9
2021-02-02,9.65,1.14466,0.7,8.2
2021-02-03,8.0,0.77572,1.0,13.6
2021-02-04,8.25,1.7501,0.5,1.1
2021-02-05,6.4,1.9913299999999998,0.9,3.1
2021-02-06,6.9,1.88727,0.6,0.9
2021-02-07,5.5,1.9913299999999998,1.2,0.0
2021-02-08,3.4,0.96492,1.4,0.0
2021-02-09,2.4,2.11904,1.2,0.0
2021-02-10,2.55,1.68861,1.1,0.0
2021-02-11,4.5,2.17107,1.2,5.1
2021-02-12,7.35,1.4142700000000001,1.0,5.7
2021-02-13,10.2,1.20142,1.1,19.3
2021-02-14,10.850000000000001,3.0272,0.7,7.9
2021-02-15,10.45,2.29878,1.0,13.5
2021-02-16,8.7,3.6799399999999998,0.9,7.7
2021-02-17,6.8,1.8305099999999999,0.8,30.0
2021-02-18,6.85,2.68191,1.1,19.7
2021-02-19,10.15,1.8305099999999999,0.9,23.4
2021-02-20,9.45,1.81159,1.0,10.2
2021-02-21,8.45,4.077259999999999,1.1,3.2
2021-02-22,8.45,2.7481299999999997,0.9,12.9
2021-02-23,11.399999999999999,1.10682,0.7,22.3
2021-02-24,8.85,1.81159,1.0,3.2
2021-02-25,7.25,4.23808,1.1,0.3
2021-02-26,9.15,2.76705,1.1,0.6
2021-02-27,8.65,2.6629899999999997,0.9,5.4
2021-02-28,6.25,5.5577499999999995,1.0,0.0
2021-03-01,6.800000000000001,4.692159999999999,1.2,0.0
2021-03-02,5.9,5.38747,0.9,0.0
2021-03-03,6.0,2.79543,0.6,0.0
2021-03-04,5.7,2.35554,0.8,0.0
2021-03-05,5.2,3.60426,1.1,0.0
2021-03-06,7.449999999999999,3.4765499999999996,1.6,0.0
2021-03-07,7.35,1.78321,1.1,0.0
2021-03-08,8.100000000000001,2.14742,0.9,5.3
2021-03-09,9.9,0.7993699999999999,0.5,19.7
2021-03-10,10.55,1.40954,1.0,5.5
2021-03-11,7.05,4.59283,1.1,8.3
2021-03-12,6.949999999999999,2.9420599999999997,1.4,10.7
2021-03-13,5.949999999999999,4.692159999999999,1.6,5.6
2021-03-14,8.9,3.2211299999999996,1.3,0.3
2021-03-15,10.0,2.19945,0.7,3.3
2021-03-16,8.55,6.13481,1.1,0.8
2021-03-17,7.2,5.35909,1.1,0.1
2021-03-18,9.2,7.137569999999999,1.4,0.0
2021-03-19,11.700000000000001,7.44975,1.9,0.0
2021-03-20,8.7,4.31849,1.1,0.0
2021-03-21,7.35,3.7461599999999997,1.1,0.0
2021-03-22,9.45,2.9420599999999997,1.3,0.1
2021-03-23,9.4,3.34884,1.4,2.7
2021-03-24,8.85,3.3583,1.2,2.9
2021-03-25,9.65,5.07529,1.4,3.7
2021-03-26,5.5,5.02799,1.3,7.1
2021-03-27,8.95,2.2704,1.3,7.6
2021-03-28,11.75,1.31967,0.9,2.2
2021-03-29,11.55,1.52306,0.7,0.8
2021-03-30,10.8,7.39772,1.7,0.0
2021-03-31,9.55,2.16634,0.8,2.1
2021-04-01,13.0,7.832879999999999,2.3,0.1
2021-04-02,10.8,8.70793,2.1,0.0
2021-04-03,7.65,9.251879999999998,2.0,0.0
2021-04-04,6.55,8.41467,1.7,0.0
2021-04-05,6.699999999999999,7.1895999999999995,1.8,0.3
2021-04-06,5.550000000000001,7.8045,1.9,0.8
2021-04-07,7.1499999999999995,6.262519999999999,1.7,1.3
2021-04-08,7.8,5.4726099999999995,1.7,2.0
2021-04-09,7.5,7.13284,1.8,3.4
2021-04-10,5.449999999999999,9.21877,2.3,0.9
2021-04-11,4.5,9.114709999999999,1.9,0.7
2021-04-12,6.6,10.20261,2.1,2.3
2021-04-13,7.1,11.044550000000001,2.5,0.0
2021-04-14,8.25,9.76272,2.5,0.0
2021-04-15,8.9,10.86008,2.7,0.0
2021-04-16,9.25,4.09145,1.9,0.0
2021-04-17,9.95,4.30903,1.7,7.7
2021-04-18,9.3,2.2704,0.9,2.9
2021-04-19,9.649999999999999,3.4765499999999996,1.2,5.2
2021-04-20,10.0,3.06504,1.1,1.4
2021-04-21,12.5,10.4533,3.4,0.0
2021-04-22,13.25,10.599929999999999,4.0,0.0
2021-04-23,14.25,9.77691,4.4,0.0
2021-04-24,16.05,10.51479,4.7,0.0
2021-04-25,12.15,12.014199999999999,3.8,0.0
2021-04-26,9.25,12.12772,2.9,0.0
2021-04-27,10.55,8.154519999999998,2.3,0.6
2021-04-28,9.5,9.62555,2.7,0.0
2021-04-29,7.5,11.20537,2.5,0.0
2021-04-30,6.2,6.05913,1.7,0.9
2021-05-01,7.35,8.66063,2.1,0.1
2021-05-02,6.6,11.76351,2.6,0.0
2021-05-03,10.4,5.7280299999999995,1.7,19.2
2021-05-04,8.2,11.26686,2.8,2.1
2021-05-05,7.800000000000001,9.384319999999999,2.6,0.4
2021-05-06,7.0,13.43793,3.2,0.0
2021-05-07,6.65,8.59914,2.2,5.5
2021-05-08,11.8,5.6570800000000006,1.6,10.4
2021-05-09,11.85,6.10643,1.9,3.3
2021-05-10,10.45,6.45172,1.9,4.0
2021-05-11,10.5,4.432009999999999,1.6,9.0
2021-05-12,10.95,9.11944,2.5,10.2
2021-05-13,9.25,12.02839,2.8,0.0
2021-05-14,8.65,4.65905,1.5,5.2
2021-05-15,10.9,8.87821,2.3,10.3
2021-05-16,9.4,10.7371,2.5,2.5
2021-05-17,10.6,9.89989,2.5,1.0
2021-05-18,9.7,12.82776,3.0,5.5
2021-05-19,10.55,9.360669999999999,2.5,6.3
2021-05-20,11.0,3.54277,1.2,29.4
2021-05-21,9.95,4.6070199999999994,1.5,10.0
2021-05-22,9.85,12.18921,3.1,1.2
2021-05-23,9.55,10.15058,2.5,15.4
2021-05-24,9.4,12.41152,2.9,1.6
2021-05-25,10.95,4.43674,1.4,11.3
2021-05-26,11.5,8.62279,2.6,0.5
2021-05-27,11.05,3.1785599999999996,1.2,8.4
2021-05-28,9.85,14.4738,3.5,0.0
2021-05-29,11.15,13.792679999999999,3.5,0.0
2021-05-30,13.2,13.863629999999999,3.9,0.0
2021-05-31,12.45,4.75365,2.0,1.2
2021-06-01,10.8,2.19945,1.1,5.6
2021-06-02,12.75,1.7359099999999998,1.0,16.1
2021-06-03,11.5,2.0953899999999996,0.9,1.5
2021-06-04,12.649999999999999,5.04691,1.5,4.4
2021-06-05,12.75,8.44778,2.6,0.0
2021-06-06,11.100000000000001,12.43517,3.3,0.0
2021-06-07,12.55,6.0685899999999995,1.9,4.9
2021-06-08,14.1,3.23059,1.1,8.1
2021-06-09,14.149999999999999,2.78124,1.0,4.6
2021-06-10,14.55,2.8947599999999998,1.0,2.2
2021-06-11,14.0,10.9736,3.1,0.1
2021-06-12,14.600000000000001,9.143089999999999,2.9,0.0
2021-06-13,15.55,8.87348,2.8,0.1
2021-06-14,12.85,11.649989999999999,3.1,0.1
2021-06-15,11.850000000000001,2.52109,0.9,9.7
2021-06-16,13.45,11.574309999999999,3.2,0.4
2021-06-17,12.25,12.92236,3.6,0.9
2021-06-18,11.1,8.561300000000001,2.7,0.0
2021-06-19,11.1,5.03272,2.0,1.3
2021-06-20,14.95,5.56248,2.5,0.0
2021-06-21,13.399999999999999,13.49469,3.7,0.0
2021-06-22,10.6,8.845099999999999,2.5,1.2
2021-06-23,13.3,9.66812,2.8,0.1
2021-06-24,13.0,3.7367,1.3,2.1
2021-06-25,13.2,9.04849,2.8,0.0
2021-06-26,13.25,11.427679999999999,3.5,0.0
2021-06-27,14.8,14.402849999999999,4.1,0.0
2021-06-28,14.75,13.23927,3.8,0.0
2021-06-29,13.95,14.26095,3.8,0.0
2021-06-30,13.299999999999999,14.36501,3.9,0.0
2021-07-01,14.15,5.2171899999999996,2.1,0.0
2021-07-02,15.05,5.04218,2.2,3.1
2021-07-03,15.75,4.152939999999999,1.6,3.8
2021-07-04,13.850000000000001,4.87663,1.8,4.7
2021-07-05,13.95,11.43241,3.5,0.0
2021-07-06,14.0,1.88727,1.1,5.1
2021-07-07,13.85,3.4954699999999996,1.4,1.7
2021-07-08,14.100000000000001,5.08948,2.0,0.0
2021-07-09,16.95,8.3721,3.0,0.4
2021-07-10,16.1,7.690980000000001,2.6,7.1
2021-07-11,14.25,4.76784,1.8,1.0
2021-07-12,15.45,7.86126,2.5,0.0
2021-07-13,15.3,7.91329,2.5,0.5
2021-07-14,15.399999999999999,5.12259,1.8,0.1
2021-07-15,14.9,7.307849999999999,2.2,0.1
2021-07-16,17.7,13.57983,4.4,0.0
2021-07-17,19.25,12.572339999999999,4.3,0.0
2021-07-18,18.0,13.36225,4.2,0.0
2021-07-19,18.05,13.31022,4.2,0.0
2021-07-20,16.85,10.65669,3.3,0.0
2021-07-21,22.05,9.77691,4.1,0.0
2021-07-22,24.4,11.09658,5.4,0.0
2021-07-23,22.15,10.05598,4.4,0.0
2021-07-24,20.4,12.85614,4.5,0.0
2021-07-25,17.9,12.00947,3.7,0.0
2021-07-26,16.7,2.52582,1.5,8.3
2021-07-27,16.3,8.305879999999998,3.0,0.6
2021-07-28,15.05,11.186449999999999,3.4,3.2
2021-07-29,14.6,3.62318,1.8,3.2
2021-07-30,15.65,6.319279999999999,2.3,8.0
2021-07-31,15.799999999999999,6.7024099999999995,2.2,2.7
2021-08-01,14.55,9.21877,3.0,0.0
2021-08-02,13.8,2.63461,1.2,1.1
2021-08-03,15.75,7.65787,2.5,0.0
2021-08-04,15.8,4.75365,1.8,10.8
2021-08-05,16.1,5.0090699999999995,1.7,6.8
2021-08-06,15.55,6.82539,2.2,10.6
2021-08-07,15.5,7.501779999999999,2.7,0.6
2021-08-08,15.75,6.13481,2.3,0.2
2021-08-09,14.950000000000001,8.7978,2.5,0.3
2021-08-10,14.45,6.18684,1.8,1.2
2021-08-11,15.65,10.44857,2.8,7.7
2021-08-12,15.450000000000001,10.349239999999998,3.1,1.9
2021-08-13,16.0,8.33426,2.9,0.4
2021-08-14,15.25,3.9542799999999994,1.5,12.5
2021-08-15,15.8,5.70911,2.1,10.1
2021-08-16,14.55,4.630669999999999,2.0,0.2
2021-08-17,14.35,5.3922,1.9,0.4
2021-08-18,14.15,5.690189999999999,1.8,1.2
2021-08-19,15.8,3.6799399999999998,1.2,4.5
2021-08-20,17.0,3.6752099999999994,1.4,15.3
2021-08-21,15.899999999999999,5.955069999999999,1.8,3.2
2021-08-22,15.899999999999999,2.17107,1.1,0.0
2021-08-23,17.8,6.48483,2.2,0.0
2021-08-24,18.55,10.24518,3.4,0.0
2021-08-25,15.350000000000001,8.017349999999999,2.5,0.0
2021-08-26,15.45,9.98503,2.8,0.0
2021-08-27,15.3,7.43556,2.2,0.1
2021-08-28,16.6,7.686249999999999,2.3,0.0
2021-08-29,15.7,9.7438,2.7,0.0
2021-08-30,16.75,4.45093,1.8,0.0
2021-08-31,16.8,4.257,2.1,0.0
2021-09-01,15.5,3.50493,1.8,0.0
2021-09-02,16.35,3.9921199999999994,1.9,0.0
2021-09-03,15.25,4.346869999999999,1.7,0.0
2021-09-04,17.05,6.54632,2.3,0.0
2021-09-05,17.299999999999997,4.61175,1.9,0.0
2021-09-06,17.9,8.83564,2.6,0.0
2021-09-07,20.299999999999997,8.86875,3.3,0.2
2021-09-08,19.450000000000003,3.7887299999999997,1.8,5.3
2021-09-09,16.25,1.0878999999999999,0.7,19.4
2021-09-10,14.7,5.458419999999999,1.7,1.2
2021-09-11,14.7,5.3259799999999995,1.7,0.1
2021-09-12,14.95,5.00434,1.8,1.6
2021-09-13,15.5,1.67442,1.0,17.7
2021-09-14,14.600000000000001,4.95704,1.4,5.8
2021-09-15,13.049999999999999,4.4462,1.3,0.4
2021-09-16,16.549999999999997,2.26567,1.1,20.0
2021-09-17,15.049999999999999,8.05046,1.9,2.0
2021-09-18,12.75,1.76429,0.8,5.3
2021-09-19,14.75,6.711869999999999,1.9,3.0
2021-09-20,15.75,5.1084000000000005,1.6,0.6
2021-09-21,15.55,3.06977,1.1,1.0
2021-09-22,16.75,5.3449,1.7,0.3
2021-09-23,15.45,5.57194,1.5,3.9
2021-09-24,15.649999999999999,1.84943,0.7,1.7
2021-09-25,16.2,2.82381,1.1,0.9
2021-09-26,14.049999999999999,2.24202,1.2,9.0
2021-09-27,12.5,4.99488,2.0,3.4
2021-09-28,11.8,5.018529999999999,1.9,4.9
2021-09-29,12.25,3.8880600000000003,1.4,7.2
2021-09-30,14.55,1.5892799999999998,1.0,6.9
2021-10-01,11.95,5.798979999999999,1.8,3.8
2021-10-02,11.05,5.07529,1.5,7.1
2021-10-03,12.15,4.46512,1.6,9.6
2021-10-04,12.1,2.52109,1.2,7.1
2021-10-05,12.5,5.770599999999999,1.7,0.9
2021-10-06,13.45,1.1352,0.7,4.8
2021-10-07,15.850000000000001,0.49191999999999997,0.4,17.8
2021-10-08,15.65,0.87505,0.6,64.7
2021-10-09,12.8,5.2171899999999996,0.9,0.9
2021-10-10,11.2,5.458419999999999,1.0,0.1
2021-10-11,10.75,4.9854199999999995,1.0,0.0
2021-10-12,9.85,4.51715,0.8,0.1
2021-10-13,9.85,2.85219,0.8,0.1
2021-10-14,14.45,1.9724099999999998,1.0,0.0
2021-10-15,12.65,4.422549999999999,0.9,0.1
2021-10-16,14.5,0.9885699999999998,0.8,10.3
2021-10-17,14.55,2.67718,0.7,2.0
2021-10-18,15.35,1.2912899999999998,0.7,19.4
2021-10-19,14.4,2.6866399999999997,0.9,6.0
2021-10-20,11.15,3.50493,1.0,17.9
2021-10-21,9.55,3.82184,0.9,1.2
2021-10-22,11.55,1.61293,1.4,0.0
2021-10-23,12.899999999999999,0.60071,0.9,22.2
2021-10-24,12.7,3.4339799999999996,1.0,3.2
2021-10-25,11.7,3.4954699999999996,0.9,2.9
2021-10-26,14.5,1.5892799999999998,0.7,6.6
2021-10-27,14.1,0.5912499999999999,0.5,16.2
2021-10-28,10.5,2.46433,0.4,6.8
2021-10-29,9.05,1.80686,0.6,6.0
2021-10-30,10.5,2.71975,0.8,16.1
2021-10-31,10.0,1.0264099999999998,1.2,11.0
2021-11-01,9.25,2.6062299999999996,0.9,4.6
2021-11-02,8.8,1.75956,0.7,10.5
2021-11-03,8.9,3.03666,0.7,1.2
2021-11-04,8.649999999999999,2.8616499999999996,0.6,0.2
2021-11-05,10.4,1.75956,0.6,0.8
2021-11-06,11.7,0.8939699999999999,0.7,3.6
2021-11-07,10.1,1.3243999999999998,0.5,0.9
2021-11-08,13.8,0.9507299999999999,0.5,6.8
2021-11-09,12.25,2.15215,0.3,1.4
2021-11-10,9.1,1.61293,0.3,0.9
2021-11-11,12.1,0.6621999999999999,0.7,8.1
2021-11-12,11.899999999999999,1.23453,0.8,2.5
2021-11-13,12.0,0.75207,0.5,1.6
2021-11-14,12.75,0.5770599999999999,0.4,3.8
2021-11-15,11.15,2.06228,0.4,0.2
2021-11-16,11.65,1.0358699999999998,0.8,1.3
2021-11-17,11.399999999999999,1.2912899999999998,0.7,0.0
2021-11-18,12.600000000000001,1.23926,0.4,3.1
2021-11-19,11.2,0.9176199999999999,0.5,1.2
2021-11-20,10.5,0.86559,0.7,2.2
2021-11-21,7.85,2.29405,0.7,0.9
2021-11-22,5.2,2.46433,0.3,0.0
2021-11-23,4.6,2.3933799999999996,0.1,0.0
2021-11-24,5.8999999999999995,1.3149399999999998,0.4,2.5
2021-11-25,8.55,1.16831,1.2,1.3
2021-11-26,7.8999999999999995,1.00276,1.2,3.9
2021-11-27,6.1,1.1872299999999998,1.2,4.3
2021-11-28,8.85,0.8892399999999999,0.7,8.7
2021-11-29,9.7,1.5561699999999998,0.2,0.6
2021-11-30,11.3,0.54868,0.8,16.2
2021-12-01,8.6,1.0784399999999998,1.3,6.1
2021-12-02,9.899999999999999,0.9365399999999999,0.6,7.3
2021-12-03,9.7,0.40678,0.6,5.1
2021-12-04,7.0,1.1824999999999999,1.1,6.0
2021-12-05,8.2,1.61293,0.4,6.1
2021-12-06,8.0,1.0689799999999998,0.8,3.5
2021-12-07,7.550000000000001,0.59598,0.9,29.4
2021-12-08,5.6,1.24399,1.1,10.0
2021-12-09,9.1,0.88451,0.5,7.7
2021-12-10,7.1499999999999995,0.8513999999999999,0.6,2.8
2021-12-11,11.3,0.40678,0.4,3.9
2021-12-12,9.85,0.29799,0.6,6.2
2021-12-13,6.05,0.9223499999999999,0.2,0.2
2021-12-14,7.15,1.17777,0.3,0.1
2021-12-15,10.65,0.87505,0.4,0.4
2021-12-16,7.15,0.5817899999999999,0.3,0.0
2021-12-17,7.699999999999999,1.75483,0.1,0.1
2021-12-18,6.25,1.05952,0.4,0.1
2021-12-19,7.050000000000001,1.75483,0.2,0.0
2021-12-20,8.85,0.6716599999999999,1.0,0.0
2021-12-21,9.15,0.74734,1.1,0.0
2021-12-22,10.8,0.29325999999999997,0.8,24.7
2021-12-23,11.65,1.14939,0.2,4.1
2021-12-24,10.75,1.3527799999999999,0.5,10.4
2021-12-25,10.6,1.1730399999999999,0.2,9.8
2021-12-26,8.1,1.28656,0.2,1.2
2021-12-27,9.6,1.7169899999999998,0.3,0.9
2021-12-28,9.65,0.70004,0.6,7.7
2021-12-29,12.6,1.1966899999999998,0.5,9.9
2021-12-30,12.7,0.30272,0.3,22.2
2021-12-31,13.2,0.44461999999999996,0.7,2.0
